Id;Name;Position;Age;Market Value;Country;Club;Matches;Goals;Own Goals;Assists;Yellow Cards;Second Yellow Cards;Red Cards;Substitute In;Substitute Out
1;Kylian Mbappé;Centre-Forward;22;144;France;Paris Saint-Germain;16;7;0;11;3;0;0;0;8
2;Erling Haaland;Centre-Forward;21;135;Norway;Borussia Dortmund;10;13;0;4;1;0;0;0;1
3;Harry Kane;Centre-Forward;28;108;England;Tottenham Hotspur;16;7;0;2;2;0;0;2;2
4;Jack Grealish;Left Winger;26;90;England;Manchester City;15;2;0;3;1;0;0;2;8
5;Mohamed Salah;Right Winger;29;90;Egypt;Liverpool FC;15;15;0;6;1;0;0;0;3
6;Romelu Lukaku;Centre-Forward;28;90;Belgium;Chelsea FC;11;4;0;1;0;0;0;1;2
7;Kevin De Bruyne;Attacking Midfield;30;90;Belgium;Manchester City;14;3;0;1;1;0;0;4;6
8;Neymar;Left Winger;29;90;Brazil;Paris Saint-Germain;11;3;0;3;3;0;0;0;3
9;Jadon Sancho;Left Winger;21;81;England;Manchester United;13;0;0;0;0;0;0;7;5
10;Frenkie de Jong;Central Midfield;24;81;Netherlands;FC Barcelona;13;0;0;2;2;1;0;0;2
11;Bruno Fernandes;Attacking Midfield;27;81;Portugal;Manchester United;18;5;0;8;3;0;0;3;5
12;Joshua Kimmich;Defensive Midfield;26;81;Germany;Bayern Munich;18;3;0;4;1;0;0;0;3
13;Raheem Sterling;Left Winger;26;81;England;Manchester City;15;2;0;2;0;0;0;9;2
14;Marcus Rashford;Left Winger;24;77;England;Manchester United;6;3;0;0;0;0;0;3;3
15;Sadio Mané;Left Winger;29;77;Senegal;Liverpool FC;15;8;0;0;1;0;0;2;3
16;Heung-min Son;Left Winger;29;77;Korea, South;Tottenham Hotspur;15;5;0;2;1;0;0;4;4
17;Pedri;Central Midfield;18;72;Spain;FC Barcelona;5;0;0;0;0;0;0;1;2
18;Phil Foden;Central Midfield;21;72;England;Manchester City;13;5;0;4;0;0;0;4;3
19;Lautaro Martínez;Centre-Forward;24;72;Argentina;Inter Milan;15;5;0;1;3;0;0;2;12
20;Marcos Llorente;Central Midfield;26;72;Spain;Atlético de Madrid;11;0;0;0;1;0;0;1;2
21;Lionel Messi;Right Winger;34;72;Argentina;Paris Saint-Germain;8;3;0;0;1;0;0;1;2
22;Mason Mount;Attacking Midfield;22;68;England;Chelsea FC;13;3;0;2;0;0;0;6;3
23;Trent Alexander-Arnold;Right-Back;23;68;England;Liverpool FC;12;1;0;7;1;0;0;0;3
24;Rúben Dias;Centre-Back;24;68;Portugal;Manchester City;16;0;0;2;3;0;0;2;0
25;Marquinhos;Centre-Back;27;68;Brazil;Paris Saint-Germain;13;1;0;1;2;0;0;0;0
26;Jude Bellingham;Central Midfield;18;63;England;Borussia Dortmund;18;3;0;7;4;0;0;0;6
27;João Félix;Second Striker;22;63;Portugal;Atlético de Madrid;11;1;0;2;3;1;0;5;4
28;Alphonso Davies;Left-Back;21;63;Canada;Bayern Munich;15;0;0;5;1;0;0;0;6
29;Achraf Hakimi;Right-Back;23;63;Morocco;Paris Saint-Germain;17;3;0;2;2;0;1;2;1
30;Declan Rice;Defensive Midfield;22;63;England;West Ham United;15;3;0;3;4;0;0;0;2
31;Rodri;Defensive Midfield;25;63;Spain;Manchester City;14;1;0;0;2;0;0;1;2
32;Mikel Oyarzabal;Left Winger;24;63;Spain;Real Sociedad;11;6;0;1;1;0;0;1;6
33;Federico Chiesa;Right Winger;24;63;Italy;Juventus FC;13;3;0;2;0;0;0;3;6
34;Matthijs de Ligt;Centre-Back;22;63;Netherlands;Juventus FC;12;1;0;0;1;0;0;1;1
35;Kai Havertz;Attacking Midfield;22;63;Germany;Chelsea FC;16;4;0;2;0;0;0;5;5
36;Sergej Milinković-Savić;Central Midfield;26;63;Serbia;SS Lazio;17;4;0;4;3;0;0;5;7
37;Bernardo Silva;Attacking Midfield;27;63;Portugal;Manchester City;16;3;0;1;3;0;0;2;6
38;Raphaël Varane;Centre-Back;28;63;France;Manchester United;9;0;0;1;1;0;0;1;1
39;Serge Gnabry;Right Winger;26;63;Germany;Bayern Munich;18;8;0;4;0;0;0;6;10
40;Leon Goretzka;Central Midfield;26;63;Germany;Bayern Munich;14;2;0;2;0;0;0;0;7
41;Jan Oblak;Goalkeeper;28;63;Slovenia;Atlético de Madrid;16;0;0;0;0;0;0;0;0
42;Casemiro;Defensive Midfield;29;63;Brazil;Real Madrid;15;0;0;1;4;0;0;1;2
43;Florian Wirtz;Attacking Midfield;18;59;Germany;Bayer 04 Leverkusen;14;7;0;7;2;0;0;4;8
44;Bukayo Saka;Left Midfield;20;59;England;Arsenal FC;13;2;0;2;1;0;0;2;7
45;Federico Valverde;Central Midfield;23;59;Uruguay;Real Madrid;12;0;0;1;0;0;0;2;4
46;Gianluigi Donnarumma;Goalkeeper;22;59;Italy;Paris Saint-Germain;7;0;0;0;2;0;0;0;0
47;Nicolò Barella;Central Midfield;24;59;Italy;Inter Milan;16;1;0;6;3;0;0;0;8
48;Andrew Robertson;Left-Back;27;59;Scotland;Liverpool FC;12;0;0;2;2;0;0;1;2
49;Ansu Fati;Left Winger;19;54;Spain;FC Barcelona;8;4;0;1;0;0;0;4;4
50;Jules Koundé;Centre-Back;23;54;France;Sevilla FC;13;0;0;0;0;0;0;0;0
51;Victor Osimhen;Centre-Forward;22;54;Nigeria;SSC Napoli;13;9;0;2;2;0;1;2;6
52;Gabriel Jesus;Centre-Forward;24;54;Brazil;Manchester City;14;4;0;5;0;0;0;5;4
53;Dayot Upamecano;Centre-Back;23;54;France;Bayern Munich;16;0;0;4;5;0;0;1;2
54;Alessandro Bastoni;Centre-Back;22;54;Italy;Inter Milan;15;0;0;1;2;0;0;1;6
55;Wilfred Ndidi;Defensive Midfield;24;54;Nigeria;Leicester City;11;0;0;0;2;1;0;1;0
56;José María Giménez;Centre-Back;26;54;Uruguay;Atlético de Madrid;13;0;0;0;4;0;0;1;1
57;Fabinho;Defensive Midfield;28;54;Brazil;Liverpool FC;11;1;0;1;2;0;0;2;2
58;Milan Skriniar;Centre-Back;26;54;Slovakia;Inter Milan;15;3;0;0;2;0;0;0;0
59;Leroy Sané;Left Winger;25;54;Germany;Bayern Munich;18;8;0;10;2;0;0;3;11
60;Paul Pogba;Central Midfield;28;54;France;Manchester United;13;0;0;7;4;0;1;3;4
61;Thibaut Courtois;Goalkeeper;29;54;Belgium;Real Madrid;16;0;0;0;1;0;0;0;0
62;Alisson;Goalkeeper;29;54;Brazil;Liverpool FC;14;0;1;0;0;0;0;0;0
63;Koke;Central Midfield;29;54;Spain;Atlético de Madrid;13;0;0;1;3;0;0;0;4
64;Robert Lewandowski;Centre-Forward;33;54;Poland;Bayern Munich;17;23;0;2;0;0;0;0;5
65;Eduardo Camavinga;Central Midfield;19;50;France;Real Madrid;20;2;0;1;5;0;0;11;5
66;Richarlison;Centre-Forward;24;50;Brazil;Everton FC;7;2;0;1;4;0;0;1;2
67;Franck Kessié;Central Midfield;24;50;Cote d'Ivoire;AC Milan;12;2;0;0;1;1;0;2;3
68;Youri Tielemans;Central Midfield;24;50;Belgium;Leicester City;17;3;0;3;2;0;0;1;3
69;Kingsley Coman;Right Winger;25;50;France;Bayern Munich;11;2;0;1;0;0;0;6;5
70;N'Golo Kanté;Defensive Midfield;30;50;France;Chelsea FC;10;1;0;0;1;0;0;2;7
71;João Cancelo;Right-Back;27;50;Portugal;Manchester City;17;2;0;5;4;0;0;1;1
72;Timo Werner;Centre-Forward;25;50;Germany;Chelsea FC;10;2;0;1;1;0;0;3;2
73;Virgil van Dijk;Centre-Back;30;50;Netherlands;Liverpool FC;14;0;0;1;0;0;0;0;0
74;Marco Verratti;Central Midfield;29;50;Italy;Paris Saint-Germain;7;0;0;0;4;0;0;0;5
75;Marc-André ter Stegen;Goalkeeper;29;50;Germany;FC Barcelona;14;0;0;0;1;0;0;0;0
76;David Alaba;Centre-Back;29;50;Austria;Real Madrid;15;1;0;3;1;0;0;0;0
77;Jamal Musiala;Attacking Midfield;18;45;Germany;Bayern Munich;16;4;0;4;0;0;0;12;4
78;Mason Greenwood;Right Winger;20;45;England;Manchester United;14;4;0;1;2;0;0;2;8
79;Pau Torres;Centre-Back;24;45;Spain;Villarreal CF;15;1;0;0;1;0;0;0;0
80;Ferran Torres;Right Winger;21;45;Spain;Manchester City;7;3;0;1;0;0;0;0;5
81;Vinícius Júnior;Left Winger;21;45;Brazil;Real Madrid;16;9;0;7;3;0;0;2;6
82;Dušan Vlahovic;Centre-Forward;21;45;Serbia;ACF Fiorentina;15;12;0;3;2;0;0;1;1
83;Theo Hernández;Left-Back;24;45;France;AC Milan;12;1;0;3;2;1;0;2;1
84;Christian Pulisic;Right Winger;23;45;United States;Chelsea FC;4;1;0;0;0;0;0;3;1
85;James Maddison;Attacking Midfield;24;45;England;Leicester City;16;1;0;1;1;0;0;6;9
86;Dani Olmo;Attacking Midfield;23;45;Spain;RB Leipzig;7;0;0;1;0;0;0;3;4
87;Ferland Mendy;Left-Back;26;45;France;Real Madrid;6;0;0;0;2;0;0;1;2
88;Ousmane Dembélé;Right Winger;24;45;France;FC Barcelona;1;0;0;0;0;0;0;1;0
89;Ederson;Goalkeeper;28;45;Brazil;Manchester City;14;0;0;0;2;0;0;0;0
90;Paulo Dybala;Second Striker;28;45;Argentina;Juventus FC;11;6;0;4;1;0;0;1;5
91;Piotr Zielinski;Attacking Midfield;27;45;Poland;SSC Napoli;14;3;0;2;0;0;0;3;11
92;Harry Maguire;Centre-Back;28;45;England;Manchester United;13;1;0;0;3;0;0;0;1
93;Antoine Griezmann;Second Striker;30;45;France;Atlético de Madrid;15;5;0;1;1;0;1;3;6
94;Stefan de Vrij;Centre-Back;29;45;Netherlands;Inter Milan;15;1;1;0;1;0;0;0;3
95;Lorenzo Insigne;Left Winger;30;43;Italy;SSC Napoli;14;5;0;4;0;0;0;0;13
96;Kalidou Koulibaly;Centre-Back;30;43;Senegal;SSC Napoli;15;2;0;1;2;0;1;0;0
97;Christopher Nkunku;Attacking Midfield;24;42;France;RB Leipzig;17;11;0;7;0;0;0;1;7
98;Reece James;Right-Back;21;41;England;Chelsea FC;12;4;0;4;2;0;1;3;1
99;Tanguy Ndombélé;Central Midfield;24;41;France;Tottenham Hotspur;11;2;0;0;2;0;0;4;5
100;Fabián Ruiz;Central Midfield;25;41;Spain;SSC Napoli;15;3;0;3;2;0;0;1;4
101;Diogo Jota;Left Winger;24;41;Portugal;Liverpool FC;15;5;0;3;2;0;0;4;8
102;Diego Carlos;Centre-Back;28;41;Brazil;Sevilla FC;16;3;0;0;3;1;0;0;1
103;Caglar Söyüncü;Centre-Back;25;41;Turkey;Leicester City;18;1;0;0;3;0;0;1;1
104;Hirving Lozano;Right Winger;26;41;Mexico;SSC Napoli;17;3;0;3;1;0;0;8;9
105;Dominic Calvert-Lewin;Centre-Forward;24;41;England;Everton FC;3;3;0;0;0;0;0;0;2
106;Lorenzo Pellegrini;Central Midfield;25;41;Italy;AS Roma;16;8;0;3;2;0;0;1;4
107;Lucas Hernández;Centre-Back;25;41;France;Bayern Munich;12;0;0;0;2;0;0;1;4
108;Aymeric Laporte;Centre-Back;27;41;Spain;Manchester City;11;1;0;0;4;0;1;0;2
109;Memphis Depay;Centre-Forward;27;41;Netherlands;FC Barcelona;16;6;0;2;1;0;0;0;2
110;Wilfried Zaha;Left Winger;29;41;Cote d'Ivoire;Crystal Palace;11;4;0;1;1;0;0;1;0
111;Álvaro Morata;Centre-Forward;29;41;Spain;Juventus FC;14;4;0;1;2;0;0;3;8
112;Jorginho;Defensive Midfield;29;41;Italy;Chelsea FC;15;3;0;1;0;0;0;3;4
113;Mateo Kovacic;Central Midfield;27;41;Croatia;Chelsea FC;13;1;0;5;1;0;0;1;3
114;Cristiano Ronaldo;Centre-Forward;36;41;Portugal;Manchester United;14;10;0;1;4;0;0;2;3
115;Giovanni Reyna;Attacking Midfield;19;38;United States;Borussia Dortmund;5;2;0;1;0;0;0;0;5
116;Moussa Diaby;Left Winger;22;38;France;Bayer 04 Leverkusen;16;6;0;4;7;0;0;0;8
117;Tomas Soucek;Defensive Midfield;26;38;Czech Republic;West Ham United;18;2;1;1;2;0;0;2;2
118;Rúben Neves;Defensive Midfield;24;38;Portugal;Wolverhampton Wanderers;13;1;0;0;4;0;0;2;1
119;Luke Shaw;Left-Back;26;38;England;Manchester United;14;0;0;2;5;0;0;0;2
120;Riyad Mahrez;Right Winger;30;38;Algeria;Manchester City;15;8;0;2;0;0;0;6;3
121;Nuno Mendes;Left-Back;19;36;Portugal;Paris Saint-Germain;16;0;1;1;4;0;0;5;4
122;Edmond Tapsoba;Centre-Back;22;36;Burkina Faso;Bayer 04 Leverkusen;7;0;0;0;1;0;0;2;0
123;Aaron Wan-Bissaka;Right-Back;23;36;England;Manchester United;14;0;0;0;2;0;1;0;0
124;Wesley Fofana;Centre-Back;20;36;France;Leicester City;0;0;0;0;0;0;0;0;0
125;Youssef En-Nesyri;Centre-Forward;24;36;Morocco;Sevilla FC;9;3;0;2;1;1;0;3;4
126;Éder Militão;Centre-Back;23;36;Brazil;Real Madrid;16;0;0;0;1;0;0;0;1
127;Nicolò Zaniolo;Right Winger;22;36;Italy;AS Roma;15;1;0;2;3;1;0;2;10
128;Carlos Soler;Central Midfield;24;36;Spain;Valencia CF;10;5;0;2;2;0;0;3;5
129;Kalvin Phillips;Defensive Midfield;25;36;England;Leeds United;11;1;0;1;1;0;0;0;0
130;Alexander Isak;Centre-Forward;22;36;Sweden;Real Sociedad;13;5;0;1;2;0;0;2;11
131;Mikel Merino;Central Midfield;25;36;Spain;Real Sociedad;18;3;0;2;4;0;0;0;3
132;Ben White;Centre-Back;24;36;England;Arsenal FC;10;0;0;0;1;0;0;0;1
133;Martin Ødegaard;Attacking Midfield;22;36;Norway;Arsenal FC;10;1;0;1;1;0;0;3;4
134;Fikayo Tomori;Centre-Back;23;36;England;AC Milan;16;0;1;0;4;0;0;1;1
135;Presnel Kimpembe;Centre-Back;26;36;France;Paris Saint-Germain;17;0;0;0;3;0;0;1;2
136;Ángel Correa;Second Striker;26;36;Argentina;Atlético de Madrid;16;3;0;3;2;0;0;6;7
137;Rodrigo de Paul;Central Midfield;27;36;Argentina;Atlético de Madrid;15;0;0;2;2;0;0;6;6
138;Thomas Partey;Defensive Midfield;28;36;Ghana;Arsenal FC;8;1;0;0;2;0;0;1;3
139;Thomas Lemar;Attacking Midfield;26;36;France;Atlético de Madrid;9;2;0;2;2;0;0;2;6
140;André Silva;Centre-Forward;26;36;Portugal;RB Leipzig;19;5;0;5;0;0;0;6;10
141;Gerard Moreno;Centre-Forward;29;36;Spain;Villarreal CF;8;3;0;1;3;0;0;0;1
142;Raphaël Guerreiro;Left-Back;27;36;Portugal;Borussia Dortmund;9;3;0;0;1;0;0;2;3
143;Pierre-Emile Höjbjerg;Central Midfield;26;36;Denmark;Tottenham Hotspur;17;2;0;1;0;0;0;4;2
144;Marcelo Brozovic;Defensive Midfield;29;36;Croatia;Inter Milan;16;1;0;2;3;0;0;0;6
145;Saúl Ñíguez;Central Midfield;26;36;Spain;Chelsea FC;8;0;0;1;0;0;0;3;2
146;Yannick Carrasco;Left Winger;28;36;Belgium;Atlético de Madrid;16;2;0;2;3;0;0;2;7
147;Roberto Firmino;Centre-Forward;30;36;Brazil;Liverpool FC;11;6;0;1;0;0;0;6;4
148;Luis Alberto;Central Midfield;29;36;Spain;SS Lazio;16;2;0;4;2;0;0;4;8
149;Ilkay Gündogan;Central Midfield;31;36;Germany;Manchester City;12;2;0;2;1;0;0;2;3
150;Ismaël Bennacer;Defensive Midfield;23;34;Algeria;AC Milan;16;1;0;1;1;0;0;8;4
151;Tammy Abraham;Centre-Forward;24;34;England;AS Roma;17;5;0;2;4;0;0;3;7
152;Ben Chilwell;Left-Back;24;34;England;Chelsea FC;10;3;0;0;0;0;0;3;1
153;Hakim Ziyech;Attacking Midfield;28;34;Morocco;Chelsea FC;10;2;0;1;2;0;0;2;7
154;Ciro Immobile;Centre-Forward;31;34;Italy;SS Lazio;15;11;0;2;2;0;0;0;7
155;Jonathan David;Centre-Forward;21;32;Canada;LOSC Lille;18;9;0;0;0;0;0;3;9
156;Pedro Neto;Left Winger;21;32;Portugal;Wolverhampton Wanderers;0;0;0;0;0;0;0;0;0
157;Douglas Luiz;Defensive Midfield;23;32;Brazil;Aston Villa;8;0;0;2;2;0;0;0;3
158;Lucas Paquetá;Attacking Midfield;24;32;Brazil;Olympique Lyon;17;6;0;3;3;0;0;5;4
159;Dejan Kulusevski;Right Winger;21;32;Sweden;Juventus FC;15;1;0;1;2;0;0;13;1
160;Amine Gouiri;Centre-Forward;21;32;France;OGC Nice;17;8;0;6;1;0;0;1;6
161;Aurélien Tchouaméni;Defensive Midfield;21;32;France;AS Monaco;20;2;0;0;5;0;0;1;4
162;Rodrygo;Right Winger;20;32;Brazil;Real Madrid;14;2;0;1;2;0;0;9;5
163;Harvey Barnes;Left Midfield;23;32;England;Leicester City;13;3;0;2;2;0;0;2;6
164;Houssem Aouar;Central Midfield;23;32;France;Olympique Lyon;17;5;0;2;0;0;0;1;6
165;Leon Bailey;Left Winger;24;32;Jamaica;Aston Villa;6;1;0;2;1;0;0;4;2
166;Moise Kean;Centre-Forward;21;32;Italy;Juventus FC;11;2;0;0;1;0;1;7;3
167;Arthur;Central Midfield;25;32;Brazil;Juventus FC;6;0;0;0;2;0;0;5;1
168;Ibrahima Konaté;Centre-Back;22;32;France;Liverpool FC;4;0;0;0;0;0;0;0;0
169;Cristian Romero;Centre-Back;23;32;Argentina;Tottenham Hotspur;13;0;0;0;5;1;0;1;1
170;Benjamin Pavard;Right-Back;25;32;France;Bayern Munich;9;0;0;1;0;0;1;2;3
171;Nicolas Pépé;Right Winger;26;32;Cote d'Ivoire;Arsenal FC;9;1;0;3;0;0;0;2;0
172;Emiliano Buendía;Right Winger;24;32;Argentina;Aston Villa;10;1;0;1;1;0;0;2;6
173;Scott McTominay;Defensive Midfield;24;32;Scotland;Manchester United;12;0;0;0;1;0;0;2;4
174;Marco Asensio;Right Winger;25;32;Spain;Real Madrid;13;3;0;1;0;0;0;8;5
175;Mario Hermoso;Centre-Back;26;32;Spain;Atlético de Madrid;15;0;0;1;4;0;1;1;9
176;Angeliño;Left-Back;24;32;Spain;RB Leipzig;13;0;0;4;2;1;0;1;3
177;Robin Gosens;Left Midfield;27;32;Germany;Atalanta BC;8;2;0;1;2;0;0;1;4
178;Manuel Locatelli;Defensive Midfield;23;32;Italy;Juventus FC;16;2;0;2;2;0;0;4;4
179;José Gayà;Left-Back;26;32;Spain;Valencia CF;9;2;0;2;2;0;0;0;2
180;Andreas Christensen;Centre-Back;25;32;Denmark;Chelsea FC;13;1;0;0;1;0;0;1;1
181;Anthony Martial;Centre-Forward;25;32;France;Manchester United;7;1;0;0;0;0;0;4;2
182;Domenico Berardi;Right Winger;27;32;Italy;US Sassuolo;10;5;0;3;1;0;0;0;4
183;Andrea Belotti;Centre-Forward;27;32;Italy;Torino FC;8;2;0;0;0;0;0;4;3
184;Niklas Süle;Centre-Back;26;32;Germany;Bayern Munich;17;0;0;1;3;0;0;3;5
185;Wissam Ben Yedder;Centre-Forward;31;32;France;AS Monaco;20;8;0;3;1;0;0;6;11
186;Lucas Digne;Left-Back;28;32;France;Everton FC;12;1;1;0;3;0;0;1;1
187;Emiliano Martínez;Goalkeeper;29;32;Argentina;Aston Villa;10;0;0;0;1;0;0;0;0
188;Antonio Rüdiger;Centre-Back;28;32;Germany;Chelsea FC;15;1;0;1;4;0;0;0;0
189;Mauro Icardi;Centre-Forward;28;32;Argentina;Paris Saint-Germain;14;3;0;0;1;0;0;8;2
190;Ryan Gravenberch;Central Midfield;19;30;Netherlands;Ajax Amsterdam;17;1;0;1;2;0;0;1;6
191;Jordan Veretout;Central Midfield;28;30;France;AS Roma;16;4;0;3;5;0;0;1;8
192;Duván Zapata;Centre-Forward;30;30;Colombia;Atalanta BC;14;8;0;5;2;0;0;2;6
193;Raphinha;Right Winger;24;29;Brazil;Leeds United;10;5;0;0;3;0;0;0;3
194;Callum Hudson-Odoi;Right Winger;21;29;England;Chelsea FC;11;1;0;2;0;0;0;2;7
195;Davinson Sánchez;Centre-Back;25;29;Colombia;Tottenham Hotspur;9;0;0;0;2;0;0;2;0
196;Ollie Watkins;Centre-Forward;25;29;England;Aston Villa;9;2;0;0;2;0;0;1;0
197;Naby Keïta;Central Midfield;26;29;Guinea;Liverpool FC;10;3;0;1;0;0;0;2;7
198;Kieran Tierney;Left-Back;24;29;Scotland;Arsenal FC;8;0;0;0;0;0;0;0;2
199;Ivan Toney;Centre-Forward;25;29;England;Brentford FC;12;3;0;3;2;0;0;0;0
200;Ante Rebic;Left Winger;28;29;Croatia;AC Milan;11;2;0;2;1;0;0;3;5
201;James Ward-Prowse;Central Midfield;27;29;England;Southampton FC;11;2;0;2;2;0;1;1;2
202;Nathan Aké;Centre-Back;26;29;Netherlands;Manchester City;7;1;0;0;0;0;0;1;0
203;Kurt Zouma;Centre-Back;27;29;France;West Ham United;9;1;0;0;1;0;0;0;1
204;Marcel Sabitzer;Central Midfield;27;29;Austria;Bayern Munich;13;0;0;0;1;0;0;11;2
205;Yéremy Pino;Right Winger;19;27;Spain;Villarreal CF;18;5;0;5;4;0;0;2;14
206;Bryan Gil;Left Winger;20;27;Spain;Tottenham Hotspur;15;0;0;3;3;0;0;6;5
207;Bruno Guimarães;Central Midfield;24;27;Brazil;Olympique Lyon;16;0;0;5;2;0;0;1;7
208;Matheus Cunha;Centre-Forward;22;27;Brazil;Atlético de Madrid;11;3;0;2;2;0;0;9;1
209;Edouard Mendy;Goalkeeper;29;27;Senegal;Chelsea FC;15;0;0;0;1;0;0;0;1
210;Curtis Jones;Central Midfield;20;27;England;Liverpool FC;10;1;0;4;0;0;0;4;4
211;Sergiño Dest;Right-Back;21;27;United States;FC Barcelona;13;0;0;3;1;0;0;1;6
212;Rodrigo Bentancur;Central Midfield;24;27;Uruguay;Juventus FC;12;0;0;3;1;0;0;2;8
213;Donyell Malen;Centre-Forward;22;27;Netherlands;Borussia Dortmund;17;1;0;2;1;0;0;6;11
214;Jarrod Bowen;Right Winger;24;27;England;West Ham United;17;3;0;5;1;0;0;4;10
215;Nikola Vlasic;Attacking Midfield;24;27;Croatia;West Ham United;14;0;0;1;0;0;0;6;7
216;Manuel Akanji;Centre-Back;26;27;Switzerland;Borussia Dortmund;18;0;0;0;2;0;0;1;0
217;Allan Saint-Maximin;Left Winger;24;27;France;Newcastle United;12;2;0;3;1;0;0;1;1
218;Joan Jordán;Central Midfield;27;27;Spain;Sevilla FC;16;0;0;1;3;0;0;4;11
219;Renato Sanches;Central Midfield;24;27;Portugal;LOSC Lille;8;0;0;1;2;0;0;2;4
220;Gianluca Mancini;Centre-Back;25;27;Italy;AS Roma;16;1;0;0;5;0;0;0;0
221;Joe Gomez;Centre-Back;24;27;England;Liverpool FC;7;0;0;0;0;0;0;4;0
222;Tyrone Mings;Centre-Back;28;27;England;Aston Villa;10;0;0;1;4;0;0;1;0
223;Wout Weghorst;Centre-Forward;29;27;Netherlands;VfL Wolfsburg;13;4;0;1;4;0;0;1;3
224;Joaquín Correa;Second Striker;27;27;Argentina;Inter Milan;11;4;0;0;2;0;0;8;3
225;Ricardo Pereira;Right-Back;28;27;Portugal;Leicester City;11;0;0;2;2;0;0;1;3
226;Dele Alli;Attacking Midfield;25;27;England;Tottenham Hotspur;12;2;0;1;1;0;0;3;3
227;Ruslan Malinovskyi;Attacking Midfield;28;27;Ukraine;Atalanta BC;16;2;0;1;3;0;0;4;12
228;Adama Traoré;Right Winger;25;27;Spain;Wolverhampton Wanderers;12;0;0;0;0;0;0;5;3
229;John McGinn;Central Midfield;27;27;Scotland;Aston Villa;10;2;0;1;4;0;0;0;1
230;Lucas Ocampos;Left Winger;27;27;Argentina;Sevilla FC;13;2;0;1;2;0;0;5;5
231;John Stones;Centre-Back;27;27;England;Manchester City;5;0;1;0;0;0;0;1;0
232;Adrien Rabiot;Central Midfield;26;27;France;Juventus FC;11;0;0;1;0;0;0;1;6
233;Leander Dendoncker;Defensive Midfield;26;27;Belgium;Wolverhampton Wanderers;9;1;0;3;1;0;0;4;0
234;Matteo Politano;Right Winger;28;27;Italy;SSC Napoli;16;2;0;4;1;0;0;6;10
235;Hakan Calhanoglu;Central Midfield;27;27;Turkey;Inter Milan;12;2;0;3;2;0;0;2;9
236;Jesús Corona;Right Midfield;28;27;Mexico;FC Porto;10;0;0;2;1;0;0;4;3
237;Luis Muriel;Centre-Forward;30;27;Colombia;Atalanta BC;9;1;0;1;0;0;0;5;4
238;Kevin Volland;Centre-Forward;29;27;Germany;AS Monaco;20;4;0;4;5;0;0;4;9
239;Thomas Müller;Second Striker;32;27;Germany;Bayern Munich;18;6;0;12;0;0;0;1;11
240;Georginio Wijnaldum;Central Midfield;31;27;Netherlands;Paris Saint-Germain;17;2;0;1;0;0;0;8;6
241;Toni Kroos;Central Midfield;31;27;Germany;Real Madrid;8;1;0;0;1;0;0;1;2
242;Benoît Badiashile;Centre-Back;20;25;France;AS Monaco;22;0;0;0;6;0;0;2;2
243;Maxence Lacroix;Centre-Back;21;25;France;VfL Wolfsburg;14;0;0;0;3;1;1;0;2
244;Boubacar Kamara;Defensive Midfield;21;25;France;Olympique Marseille;14;1;0;0;4;0;0;3;3
245;Emile Smith Rowe;Attacking Midfield;21;25;England;Arsenal FC;15;6;0;2;0;0;0;2;6
246;Evan N'Dicka;Centre-Back;22;25;France;Eintracht Frankfurt;13;0;0;1;2;0;0;1;0
247;Sven Botman;Centre-Back;21;25;Netherlands;LOSC Lille;15;2;0;0;2;0;0;0;1
248;Boubakary Soumaré;Defensive Midfield;22;25;France;Leicester City;15;0;0;1;2;0;0;5;4
249;Merih Demiral;Centre-Back;23;25;Turkey;Atalanta BC;12;1;0;1;3;0;0;1;4
250;Marcus Thuram;Left Winger;24;25;France;Borussia Mönchengladbach;5;0;0;0;0;0;0;4;1
251;Florian Neuhaus;Central Midfield;24;25;Germany;Borussia Mönchengladbach;11;1;0;0;1;0;0;5;4
252;Aleksandr Golovin;Attacking Midfield;25;25;Russia;AS Monaco;16;3;0;3;2;0;1;7;8
253;Timothy Castagne;Right-Back;25;25;Belgium;Leicester City;12;0;0;0;0;0;0;3;0
254;Patrik Schick;Centre-Forward;25;25;Czech Republic;Bayer 04 Leverkusen;13;8;0;2;0;0;0;3;9
255;Nélson Semedo;Right-Back;28;25;Portugal;Wolverhampton Wanderers;14;0;0;0;0;0;0;2;4
256;Raúl Jiménez;Centre-Forward;30;25;Mexico;Wolverhampton Wanderers;11;2;0;2;1;0;0;1;1
257;Oleksandr Zinchenko;Left-Back;24;25;Ukraine;Manchester City;7;0;0;0;2;0;0;3;0
258;Kyle Walker;Right-Back;31;25;England;Manchester City;13;1;0;0;1;0;0;0;3
259;Ismaïla Sarr;Right Winger;23;24;Senegal;Watford FC;11;4;0;0;1;0;0;0;1
260;Sandro Tonali;Defensive Midfield;21;24;Italy;AC Milan;20;2;0;7;3;0;0;4;7
261;Denis Zakaria;Defensive Midfield;24;24;Switzerland;Borussia Mönchengladbach;11;2;0;1;4;0;0;1;0
262;Xaver Schlager;Central Midfield;24;24;Austria;VfL Wolfsburg;4;0;0;1;1;0;0;0;3
263;Lukas Klostermann;Right-Back;25;24;Germany;RB Leipzig;10;0;0;1;2;0;0;1;1
264;Sébastien Haller;Centre-Forward;27;24;Cote d'Ivoire;Ajax Amsterdam;17;14;0;5;2;0;0;0;7
265;Matthias Ginter;Centre-Back;27;24;Germany;Borussia Mönchengladbach;11;0;0;0;0;0;0;0;1
266;Thorgan Hazard;Left Winger;28;24;Belgium;Borussia Dortmund;13;4;0;0;0;0;0;7;4
267;Jérémy Doku;Right Winger;19;23;Belgium;Stade Rennais FC;4;0;0;0;0;0;0;1;3
268;Gabriel Barbosa;Centre-Forward;25;23;Brazil;Clube de Regatas do Flamengo;0;0;0;0;0;0;0;0;0
269;Konrad Laimer;Central Midfield;24;23;Austria;RB Leipzig;13;1;0;0;0;0;0;8;4
270;Emre Can;Defensive Midfield;27;23;Germany;Borussia Dortmund;6;1;0;0;0;0;0;3;2
271;Leonardo Spinazzola;Left-Back;28;23;Italy;AS Roma;0;0;0;0;0;0;0;0;0
272;Gavi;Central Midfield;17;23;Spain;FC Barcelona;18;0;0;1;6;0;1;6;11
273;Ilaix Moriba;Central Midfield;18;23;Guinea;RB Leipzig;3;0;0;0;0;0;0;3;0
274;Silas Katompa Mvumpa;Right Midfield;23;23;DR Congo;VfB Stuttgart;0;0;0;0;0;0;0;0;0
275;Antony;Right Winger;21;23;Brazil;Ajax Amsterdam;14;4;0;6;1;0;0;2;9
276;Roger Ibañez;Centre-Back;22;23;Brazil;AS Roma;18;3;0;0;2;0;0;2;0
277;Fábio Silva;Centre-Forward;19;23;Portugal;Wolverhampton Wanderers;16;3;0;5;3;0;0;7;8
278;Lisandro Martínez;Centre-Back;23;23;Argentina;Ajax Amsterdam;16;0;0;3;3;0;0;1;4
279;Luis Díaz;Left Midfield;24;23;Colombia;FC Porto;16;11;0;2;3;0;0;1;11
280;Ronald Araújo;Centre-Back;22;23;Uruguay;FC Barcelona;11;1;0;0;2;0;0;5;0
281;Renan Lodi;Left-Back;23;23;Brazil;Atlético de Madrid;15;0;0;1;0;0;0;12;3
282;Emerson Royal;Right-Back;22;23;Brazil;Tottenham Hotspur;15;0;0;0;1;0;0;5;1
283;Dominik Szoboszlai;Left Winger;21;23;Hungary;RB Leipzig;15;6;0;3;1;0;0;6;7
284;Charles De Ketelaere;Centre-Forward;20;23;Belgium;Club Brugge KV;21;5;0;4;4;0;0;0;8
285;Gabriel;Centre-Back;23;23;Brazil;Arsenal FC;9;1;0;0;1;0;0;0;1
286;Pedro Gonçalves;Right Winger;23;23;Portugal;Sporting CP;13;9;0;1;2;0;0;2;9
287;Nikola Milenkovic;Centre-Back;24;23;Serbia;ACF Fiorentina;13;2;0;0;2;1;0;0;0
288;Ezri Konsa;Centre-Back;24;23;England;Aston Villa;11;0;0;0;0;0;1;1;1
289;Yves Bissouma;Central Midfield;25;23;Mali;Brighton & Hove Albion;8;0;0;1;2;0;0;1;2
290;Maxi Gómez;Centre-Forward;25;23;Uruguay;Valencia CF;9;1;0;1;3;1;0;0;3
291;Rafael Leão;Left Winger;22;23;Portugal;AC Milan;17;5;0;3;2;0;0;3;9
292;Daichi Kamada;Attacking Midfield;25;23;Japan;Eintracht Frankfurt;15;2;0;1;0;0;0;4;4
293;Arnaut Danjuma;Left Winger;24;23;Netherlands;Villarreal CF;15;7;0;2;1;0;0;3;7
294;André Zambo Anguissa;Defensive Midfield;26;23;Cameroon;SSC Napoli;17;0;0;0;4;0;0;4;4
295;Robin Le Normand;Centre-Back;25;23;France;Real Sociedad;16;0;0;0;3;0;0;0;1
296;Nordi Mukiele;Right-Back;24;23;France;RB Leipzig;15;2;1;1;2;0;0;4;2
297;Ben Godfrey;Centre-Back;23;23;England;Everton FC;9;0;0;0;1;0;0;0;2
298;Noa Lang;Left Winger;22;23;Netherlands;Club Brugge KV;19;4;0;6;7;0;0;2;7
299;Weston McKennie;Central Midfield;23;23;United States;Juventus FC;13;2;0;0;0;0;0;4;3
300;Ridle Baku;Right Midfield;23;23;Germany;VfL Wolfsburg;16;4;0;0;3;0;0;2;7
301;Jonathan Ikoné;Right Winger;23;23;France;LOSC Lille;18;2;0;0;4;0;0;7;10
302;Jonathan Bamba;Left Winger;25;23;France;LOSC Lille;12;0;0;0;3;0;0;2;5
303;Saïd Benrahma;Left Winger;26;23;Algeria;West Ham United;16;6;0;3;0;0;0;3;8
304;Donny van de Beek;Central Midfield;24;23;Netherlands;Manchester United;5;0;0;0;0;0;0;3;1
305;Sergio Reguilón;Left-Back;24;23;Spain;Tottenham Hotspur;13;0;0;2;1;0;0;1;3
306;Jason Denayer;Centre-Back;26;23;Belgium;Olympique Lyon;14;2;0;0;1;0;0;3;1
307;Viktor Tsygankov;Right Winger;24;23;Ukraine;Dynamo Kyiv;20;9;0;2;1;0;0;2;8
308;Davide Calabria;Right-Back;24;23;Italy;AC Milan;14;2;0;1;2;0;0;1;2
309;Daniel Podence;Right Winger;26;23;Portugal;Wolverhampton Wanderers;10;2;0;1;0;0;0;7;3
310;Iñaki Williams;Centre-Forward;27;23;Spain;Athletic Bilbao;12;3;0;1;0;0;0;1;4
311;Jan Bednarek;Centre-Back;25;23;Poland;Southampton FC;10;0;0;0;1;0;0;2;0
312;Abdou Diallo;Left-Back;25;23;Senegal;Paris Saint-Germain;9;0;0;1;2;0;0;0;3
313;Thilo Kehrer;Centre-Back;25;23;Germany;Paris Saint-Germain;12;0;0;0;1;0;0;3;1
314;Gonçalo Guedes;Left Winger;24;23;Portugal;Valencia CF;15;3;0;4;1;0;0;0;11
315;Nabil Fekir;Attacking Midfield;28;23;France;Real Betis Balompié;16;2;0;3;5;0;1;0;9
316;Nico Elvedi;Centre-Back;25;23;Switzerland;Borussia Mönchengladbach;13;0;0;1;1;0;0;0;1
317;Mike Maignan;Goalkeeper;26;23;France;AC Milan;9;0;0;0;1;0;0;0;0
318;Sardar Azmoun;Centre-Forward;26;23;Iran;Zenit St. Petersburg;18;9;0;4;1;0;1;5;4
319;James Tarkowski;Centre-Back;29;23;England;Burnley FC;12;1;0;0;5;0;0;0;0
320;Iñigo Martínez;Centre-Back;30;23;Spain;Athletic Bilbao;10;2;0;0;2;1;0;0;0
321;Remo Freuler;Central Midfield;29;23;Switzerland;Atalanta BC;15;1;0;0;2;0;0;1;3
322;Lewis Dunk;Centre-Back;29;23;England;Brighton & Hove Albion;12;0;0;0;0;0;0;1;0
323;Daniel Carvajal;Right-Back;29;23;Spain;Real Madrid;10;1;0;0;0;0;0;3;4
324;Jordan Pickford;Goalkeeper;27;23;England;Everton FC;10;0;0;0;1;0;0;0;0
325;Conor Coady;Centre-Back;28;23;England;Wolverhampton Wanderers;13;1;0;0;1;0;0;1;1
326;Abdoulaye Doucouré;Central Midfield;28;23;France;Everton FC;9;2;0;4;3;0;0;1;0
327;Michael Keane;Centre-Back;28;23;England;Everton FC;13;1;0;2;0;0;0;1;0
328;Stefan Savic;Centre-Back;30;23;Montenegro;Atlético de Madrid;10;0;1;0;2;0;0;0;0
329;Lucas Moura;Right Winger;29;23;Brazil;Tottenham Hotspur;15;2;0;1;2;0;0;3;8
330;Pablo Sarabia;Right Winger;29;23;Spain;Sporting CP;15;3;0;3;2;0;0;5;9
331;Thiago;Central Midfield;30;23;Spain;Liverpool FC;7;0;0;1;0;0;0;5;2
332;Pierre-Emerick Aubameyang;Centre-Forward;32;23;Gabon;Arsenal FC;11;7;0;2;2;0;0;1;4
333;Eden Hazard;Left Winger;30;23;Belgium;Real Madrid;11;0;0;1;1;0;0;6;5
334;Karim Benzema;Centre-Forward;33;23;France;Real Madrid;15;14;0;8;0;0;0;0;4
335;Nicolás González;Left Winger;23;22;Argentina;ACF Fiorentina;9;3;0;2;0;1;0;2;4
336;Amadou Haidara;Central Midfield;23;22;Mali;RB Leipzig;16;3;0;0;1;0;0;4;7
337;Rafa Silva;Right Winger;28;22;Portugal;SL Benfica;20;8;0;3;4;0;0;7;9
338;Otávio;Attacking Midfield;26;22;Portugal;FC Porto;17;1;0;5;5;0;0;1;13
339;Victor Lindelöf;Centre-Back;27;22;Sweden;Manchester United;12;0;0;2;1;0;0;1;0
340;Giovanni Di Lorenzo;Right-Back;28;22;Italy;SSC Napoli;16;1;0;1;3;0;0;0;0
341;Odilon Kossounou;Centre-Back;20;21;Cote d'Ivoire;Bayer 04 Leverkusen;14;0;0;2;1;0;0;2;1
342;Rayan Cherki;Attacking Midfield;18;21;France;Olympique Lyon;17;6;0;3;2;0;0;9;7
343;Brahim Díaz;Attacking Midfield;22;21;Spain;AC Milan;11;4;0;2;3;0;0;1;9
344;Mario Pasalic;Central Midfield;26;21;Croatia;Atalanta BC;16;3;0;5;1;0;0;5;9
345;Marten de Roon;Defensive Midfield;30;21;Netherlands;Atalanta BC;12;1;0;0;3;0;0;0;1
346;Andrej Kramaric;Second Striker;30;21;Croatia;TSG 1899 Hoffenheim;13;4;0;6;2;0;0;0;2
347;Gabriel Martinelli;Left Winger;20;20;Brazil;Arsenal FC;9;1;0;1;0;0;0;5;3
348;Dwight McNeil;Left Winger;21;20;England;Burnley FC;13;0;0;1;2;0;0;0;3
349;Max Aarons;Right-Back;21;20;England;Norwich City;15;0;1;0;5;0;0;1;1
350;David Neres;Right Winger;24;20;Brazil;Ajax Amsterdam;15;3;0;1;0;0;0;13;1
351;Mattéo Guendouzi;Central Midfield;22;20;France;Olympique Marseille;17;3;0;3;2;0;0;1;5
352;Cody Gakpo;Left Winger;22;20;Netherlands;PSV Eindhoven;19;7;0;8;2;0;0;2;11
353;Matty Cash;Right-Back;24;20;Poland;Aston Villa;12;1;0;1;2;0;0;0;3
354;Francisco Trincão;Right Winger;21;20;Portugal;Wolverhampton Wanderers;10;1;0;0;0;0;0;2;7
355;Marash Kumbulla;Centre-Back;21;20;Albania;AS Roma;6;0;0;0;1;0;0;3;1
356;Sasa Kalajdzic;Centre-Forward;24;20;Austria;VfB Stuttgart;1;0;0;0;0;0;0;1;0
357;Patson Daka;Centre-Forward;23;20;Zambia;Leicester City;11;5;0;1;0;0;0;6;3
358;Giovani Lo Celso;Central Midfield;25;20;Argentina;Tottenham Hotspur;14;1;0;1;0;0;0;6;4
359;Guido Rodríguez;Defensive Midfield;27;20;Argentina;Real Betis Balompié;15;0;0;2;2;1;0;4;1
360;Joe Willock;Central Midfield;22;20;England;Newcastle United;10;0;0;0;0;0;0;3;6
361;Todd Cantwell;Left Midfield;23;20;England;Norwich City;7;1;0;0;2;0;0;2;1
362;Christoph Baumgartner;Attacking Midfield;22;20;Austria;TSG 1899 Hoffenheim;10;3;0;1;2;0;0;2;7
363;Malcom;Right Winger;24;20;Brazil;Zenit St. Petersburg;15;3;0;5;1;0;0;3;7
364;Orel Mangala;Defensive Midfield;23;20;Belgium;VfB Stuttgart;8;1;0;0;1;0;0;2;4
365;Ramy Bensebaini;Left-Back;26;20;Algeria;Borussia Mönchengladbach;6;2;0;1;1;0;0;1;0
366;Steven Bergwijn;Left Winger;24;20;Netherlands;Tottenham Hotspur;9;0;0;1;1;0;0;3;5
367;Kasper Dolberg;Centre-Forward;24;20;Denmark;OGC Nice;8;3;0;0;0;0;0;3;4
368;Paul Onuachu;Centre-Forward;27;20;Nigeria;KRC Genk;20;12;0;0;2;0;0;2;11
369;Joachim Andersen;Centre-Back;25;20;Denmark;Crystal Palace;12;0;0;0;3;0;0;1;0
370;Dean Henderson;Goalkeeper;24;20;England;Manchester United;3;0;0;0;0;0;0;0;0
371;Alex Iwobi;Left Winger;25;20;Nigeria;Everton FC;11;2;0;1;0;0;0;4;5
372;Jonathan Tah;Centre-Back;25;20;Germany;Bayer 04 Leverkusen;16;0;0;1;2;0;0;0;0
373;Alejandro Grimaldo;Left-Back;26;20;Spain;SL Benfica;19;2;0;3;1;0;0;2;7
374;Fred;Central Midfield;28;20;Brazil;Manchester United;12;1;1;0;4;0;0;1;6
375;Patrick Bamford;Centre-Forward;28;20;England;Leeds United;6;1;0;3;1;0;0;1;1
376;Eric Dier;Centre-Back;27;20;England;Tottenham Hotspur;13;0;1;0;0;0;0;0;1
377;Leandro Paredes;Defensive Midfield;27;20;Argentina;Paris Saint-Germain;3;0;0;0;2;0;0;1;1
378;Berat Djimsiti;Centre-Back;28;20;Albania;Atalanta BC;10;0;0;0;0;0;0;3;1
379;Jesse Lingard;Attacking Midfield;28;20;England;Manchester United;8;2;0;1;0;0;0;7;1
380;Danny Ings;Centre-Forward;29;20;England;Aston Villa;9;3;0;2;1;0;0;0;5
381;Allan;Central Midfield;30;20;Brazil;Everton FC;11;0;0;1;1;0;0;0;2
382;Callum Wilson;Centre-Forward;29;20;England;Newcastle United;7;4;0;0;3;0;0;0;3
383;Granit Xhaka;Defensive Midfield;29;20;Switzerland;Arsenal FC;5;0;0;0;0;0;1;0;2
384;Alexandre Lacazette;Centre-Forward;30;20;France;Arsenal FC;9;3;0;1;0;0;0;5;3
385;João Palhinha;Defensive Midfield;26;19;Portugal;Sporting CP;18;2;0;0;5;0;0;2;5
386;Yussuf Poulsen;Centre-Forward;27;19;Denmark;RB Leipzig;15;4;0;3;2;0;0;8;5
387;Thiago Almada;Attacking Midfield;20;18;Argentina;Club Atlético Vélez Sarsfield;16;4;0;4;0;0;0;1;11
388;Julián Álvarez;Centre-Forward;21;18;Argentina;Club Atlético River Plate;16;15;0;6;1;0;0;3;4
389;Sofiane Diop;Attacking Midfield;21;18;France;AS Monaco;24;8;0;6;4;0;0;9;10
390;Pape Sarr;Defensive Midfield;19;18;Senegal;FC Metz;13;0;0;1;2;0;0;3;4
391;Pedro Porro;Right-Back;22;18;Spain;Sporting CP;15;2;0;2;5;0;0;5;6
392;Darwin Núñez;Centre-Forward;22;18;Uruguay;SL Benfica;13;8;0;2;2;0;0;3;8
393;Illan Meslier;Goalkeeper;21;18;France;Leeds United;19;0;0;0;1;0;0;0;0
394;Mikkel Damsgaard;Left Winger;21;18;Denmark;UC Sampdoria;8;0;0;0;1;0;0;2;4
395;Karim Adeyemi;Centre-Forward;19;18;Germany;Red Bull Salzburg;22;15;0;2;3;0;0;2;20
396;Enock Mwepu;Central Midfield;23;18;Zambia;Brighton & Hove Albion;8;2;0;2;1;0;0;4;3
397;Musa Barrow;Centre-Forward;23;18;The Gambia;Bologna FC 1909;12;4;0;4;0;0;0;2;8
398;Eberechi Eze;Attacking Midfield;23;18;England;Crystal Palace;2;0;0;0;0;0;0;0;2
399;Eric García;Centre-Back;20;18;Spain;FC Barcelona;13;0;0;0;3;1;1;1;3
400;Aaron Ramsdale;Goalkeeper;23;18;England;Arsenal FC;11;0;0;0;0;0;0;0;0
401;Martín Zubimendi;Defensive Midfield;22;18;Spain;Real Sociedad;17;0;0;1;3;0;0;3;2
402;Samuel Chukwueze;Right Winger;22;18;Nigeria;Villarreal CF;7;1;0;0;1;0;0;7;0
403;Dodô;Right-Back;23;18;Brazil;Shakhtar Donetsk;20;0;0;3;1;0;0;1;1
404;Manor Solomon;Left Winger;22;18;Israel;Shakhtar Donetsk;20;3;0;2;1;0;0;6;11
405;Marc Guehi;Centre-Back;21;18;England;Crystal Palace;17;1;0;0;1;0;0;1;0
406;Hamed Junior Traorè;Attacking Midfield;21;18;Cote d'Ivoire;US Sassuolo;11;1;0;2;1;0;0;7;4
407;Yusuf Yazici;Attacking Midfield;24;18;Turkey;LOSC Lille;15;1;0;1;3;0;0;11;4
408;Tetê;Right Winger;21;18;Brazil;Shakhtar Donetsk;22;7;0;2;4;0;0;7;11
409;Pablo Fornals;Attacking Midfield;25;18;Spain;West Ham United;17;4;0;2;3;0;0;5;4
410;Alfonso Pedraza;Left-Back;25;18;Spain;Villarreal CF;10;0;0;2;2;0;0;2;7
411;Igor Zubeldia;Centre-Back;24;18;Spain;Real Sociedad;11;0;0;2;2;0;0;6;0
412;Mason Holgate;Centre-Back;25;18;England;Everton FC;6;0;0;0;0;0;1;1;0
413;Ché Adams;Centre-Forward;25;18;Scotland;Southampton FC;10;2;0;1;0;0;0;2;4
414;Gerson;Central Midfield;24;18;Brazil;Olympique Marseille;14;1;0;2;0;0;0;4;8
415;Tyler Adams;Defensive Midfield;22;18;United States;RB Leipzig;13;0;0;0;5;0;0;3;4
416;Matteo Pessina;Attacking Midfield;24;18;Italy;Atalanta BC;9;1;0;0;0;0;0;2;6
417;Takehiro Tomiyasu;Right-Back;23;18;Japan;Arsenal FC;11;0;1;0;1;0;0;1;2
418;Jeff Reine-Adélaïde;Attacking Midfield;23;18;France;Olympique Lyon;0;0;0;0;0;0;0;0;0
419;Dani Ceballos;Central Midfield;25;18;Spain;Real Madrid;1;0;0;0;0;0;0;0;1
420;Nahitan Nández;Right Midfield;25;18;Uruguay;Cagliari Calcio;11;0;0;1;3;0;0;1;1
421;Gaetano Castrovilli;Central Midfield;24;18;Italy;ACF Fiorentina;9;0;0;1;2;0;0;4;5
422;Kelechi Iheanacho;Centre-Forward;25;18;Nigeria;Leicester City;16;3;0;5;1;0;0;8;4
423;Mauro Arambarri;Central Midfield;26;18;Uruguay;Getafe CF;10;0;0;0;3;0;0;0;2
424;Yerry Mina;Centre-Back;27;18;Colombia;Everton FC;6;0;0;0;1;0;0;1;0
425;Marc Cucurella;Left Midfield;23;18;Spain;Brighton & Hove Albion;11;0;0;1;2;0;0;3;2
426;Unai Simón;Goalkeeper;24;18;Spain;Athletic Bilbao;11;0;0;0;1;0;0;0;1
427;Luka Jovic;Centre-Forward;23;18;Serbia;Real Madrid;9;2;0;1;1;0;0;7;1
428;Alex Telles;Left-Back;28;18;Brazil;Manchester United;3;1;0;0;1;0;0;1;2
429;Yeray Álvarez;Centre-Back;26;18;Spain;Athletic Bilbao;3;0;0;0;2;0;0;0;0
430;Zeki Celik;Right-Back;24;18;Turkey;LOSC Lille;14;0;0;0;4;0;0;1;1
431;Harry Winks;Defensive Midfield;25;18;England;Tottenham Hotspur;7;0;0;1;1;0;0;2;1
432;Diego Llorente;Centre-Back;28;18;Spain;Leeds United;9;1;0;0;2;0;0;0;4
433;Juan Musso;Goalkeeper;27;18;Argentina;Atalanta BC;15;0;0;0;1;0;0;0;0
434;Moussa Dembélé;Centre-Forward;25;18;France;Olympique Lyon;6;4;0;1;0;0;0;1;1
435;André Gomes;Central Midfield;28;18;Portugal;Everton FC;5;0;0;1;1;0;0;4;1
436;Neal Maupay;Centre-Forward;25;18;France;Brighton & Hove Albion;11;4;0;0;3;0;0;2;2
437;Jérémie Boga;Left Winger;24;18;Cote d'Ivoire;US Sassuolo;8;0;0;3;0;0;0;1;5
438;Álex Remiro;Goalkeeper;26;18;Spain;Real Sociedad;15;0;0;0;0;0;0;0;0
439;Bryan Cristante;Central Midfield;26;18;Italy;AS Roma;18;2;0;1;4;0;0;3;0
440;Alessio Romagnoli;Centre-Back;26;18;Italy;AC Milan;11;0;0;0;1;0;0;3;1
441;Julian Weigl;Defensive Midfield;26;18;Germany;SL Benfica;18;2;0;4;4;0;0;4;3
442;Arkadiusz Milik;Centre-Forward;27;18;Poland;Olympique Marseille;9;2;0;0;0;0;0;3;3
443;Héctor Bellerín;Right-Back;26;18;Spain;Real Betis Balompié;8;0;1;1;0;0;0;0;0
444;Julian Brandt;Attacking Midfield;25;18;Germany;Borussia Dortmund;13;2;0;3;0;0;0;3;7
445;Tiemoué Bakayoko;Defensive Midfield;27;18;France;AC Milan;6;0;0;0;2;0;0;6;1
446;Filip Kostic;Left Midfield;29;18;Serbia;Eintracht Frankfurt;13;2;0;5;1;0;0;1;2
447;Danilo;Right-Back;30;18;Brazil;Juventus FC;13;0;0;1;4;0;0;0;1
448;Bertrand Traoré;Right Winger;26;18;Burkina Faso;Aston Villa;5;0;0;0;0;0;0;4;1
449;Erik Lamela;Right Winger;29;18;Argentina;Sevilla FC;16;4;0;2;5;0;0;11;3
450;Emil Forsberg;Left Winger;30;18;Sweden;RB Leipzig;17;4;0;1;0;0;0;6;7
451;Portu;Right Winger;29;18;Spain;Real Sociedad;16;0;0;1;2;0;0;6;9
452;Kieran Trippier;Right-Back;31;18;England;Atlético de Madrid;15;0;0;0;1;0;0;3;6
453;James Rodríguez;Attacking Midfield;30;18;Colombia;Al-Rayyan SC;3;1;0;1;0;0;0;0;1
454;Julian Draxler;Left Winger;28;18;Germany;Paris Saint-Germain;14;2;0;2;1;0;0;8;5
455;Philippe Coutinho;Attacking Midfield;29;18;Brazil;FC Barcelona;11;1;0;0;1;0;0;7;4
456;Alex Sandro;Left-Back;30;18;Brazil;Juventus FC;15;1;0;1;1;0;0;3;3
457;Sergio Canales;Attacking Midfield;30;18;Spain;Real Betis Balompié;15;1;0;3;1;0;0;3;7
458;Jordan Henderson;Central Midfield;31;18;England;Liverpool FC;15;2;0;2;1;0;0;2;4
459;Ángel Di María;Right Winger;33;18;Argentina;Paris Saint-Germain;9;2;0;3;1;0;0;2;6
460;Josko Gvardiol;Centre-Back;19;17;Croatia;RB Leipzig;15;0;0;2;2;0;0;5;3
461;Joakim Maehle;Right-Back;24;17;Denmark;Atalanta BC;14;0;0;0;2;0;0;3;3
462;Maximilian Arnold;Central Midfield;27;17;Germany;VfL Wolfsburg;16;1;0;2;2;0;0;1;0
463;Mohamed Simakan;Centre-Back;21;16;France;RB Leipzig;16;0;0;0;3;0;0;2;5
464;Rayan Aït Nouri;Left-Back;20;16;France;Wolverhampton Wanderers;6;0;0;2;1;0;0;1;3
465;Amad Diallo;Right Winger;19;16;Cote d'Ivoire;Manchester United;2;2;0;1;0;0;0;0;0
466;Tariq Lamptey;Right-Back;21;16;England;Brighton & Hove Albion;5;0;0;0;1;0;0;3;2
467;Noni Madueke;Right Winger;19;16;England;PSV Eindhoven;17;6;0;1;0;0;0;2;15
468;Khvicha Kvaratskhelia;Left Winger;20;16;Georgia;Rubin Kazan;15;1;0;2;4;0;0;3;7
469;Wendel;Central Midfield;24;16;Brazil;Zenit St. Petersburg;20;4;0;2;3;0;0;0;13
470;William Saliba;Centre-Back;20;16;France;Olympique Marseille;20;0;0;0;3;0;0;0;1
471;Marcos Senesi;Centre-Back;24;16;Argentina;Feyenoord Rotterdam;18;0;0;3;2;0;0;0;5
472;Youssoufa Moukoko;Centre-Forward;16;16;Germany;Borussia Dortmund;11;3;0;1;2;0;0;7;3
473;Luiz Felipe;Centre-Back;24;16;Brazil;SS Lazio;13;0;0;0;4;0;1;0;2
474;Nicolás De La Cruz;Central Midfield;24;16;Uruguay;Club Atlético River Plate;11;4;0;1;1;0;0;2;3
475;Ryan Sessegnon;Left Midfield;21;16;England;Tottenham Hotspur;3;0;0;0;0;0;0;0;3
476;Axel Disasi;Centre-Back;23;16;France;AS Monaco;16;1;0;0;3;0;0;3;4
477;Alexis Saelemaekers;Right Winger;22;16;Belgium;AC Milan;16;0;0;2;2;0;0;4;7
478;Yangel Herrera;Central Midfield;23;16;Venezuela;RCD Espanyol Barcelona;4;0;0;0;1;0;0;3;1
479;Cengiz Ünder;Right Winger;24;16;Turkey;Olympique Marseille;15;5;0;0;0;1;0;1;5
480;Kyle Walker-Peters;Right-Back;24;16;England;Southampton FC;9;1;0;1;2;0;0;1;1
481;Noussair Mazraoui;Right-Back;24;16;Morocco;Ajax Amsterdam;16;4;0;3;1;0;0;0;5
482;Umar Sadiq;Centre-Forward;24;16;Nigeria;UD Almería;15;7;0;6;5;0;0;1;7
483;Sander Berge;Defensive Midfield;23;16;Norway;Sheffield United;6;1;0;0;0;0;0;1;1
484;Manuel Lazzari;Right Midfield;27;16;Italy;SS Lazio;13;1;0;0;2;0;0;5;4
485;Éverton;Left Winger;25;16;Brazil;SL Benfica;20;3;1;4;3;0;0;10;6
486;Daniel James;Left Winger;24;16;Wales;Leeds United;12;0;0;1;0;0;0;1;6
487;Lucas Torreira;Defensive Midfield;25;16;Uruguay;ACF Fiorentina;9;0;0;0;0;0;0;2;6
488;Tom Davies;Central Midfield;23;16;England;Everton FC;7;1;0;1;0;0;0;4;1
489;Renato Tapia;Defensive Midfield;26;16;Peru;Celta de Vigo;11;0;0;0;5;0;0;1;7
490;David Raya;Goalkeeper;26;16;Spain;Brentford FC;9;0;0;0;0;0;0;0;0
491;Gregor Kobel;Goalkeeper;23;16;Switzerland;Borussia Dortmund;18;0;0;0;0;0;0;0;1
492;Wilmar Barrios;Defensive Midfield;28;16;Colombia;Zenit St. Petersburg;16;0;0;1;2;0;0;1;4
493;Gelson Martins;Right Winger;26;16;Portugal;AS Monaco;18;3;0;1;0;0;0;2;16
494;Rob Holding;Centre-Back;26;16;England;Arsenal FC;5;0;0;0;2;0;0;0;1
495;Adam Armstrong;Centre-Forward;24;16;England;Southampton FC;11;2;0;2;0;0;0;1;2
496;Giorgian de Arrascaeta;Attacking Midfield;27;16;Uruguay;Clube de Regatas do Flamengo;0;0;0;0;0;0;0;0;0
497;Ayoze Pérez;Second Striker;28;16;Spain;Leicester City;8;1;0;3;0;0;1;2;5
498;Alex Meret;Goalkeeper;24;16;Italy;SSC Napoli;5;0;0;0;0;0;0;0;0
499;Duje Caleta-Car;Centre-Back;25;16;Croatia;Olympique Marseille;8;0;0;0;2;0;0;0;2
500;Aritz Elustondo;Centre-Back;27;16;Spain;Real Sociedad;15;3;0;1;4;0;0;1;1
